email,name,hash
"User1 Xxx",user1@xtk.ovh,a05efd32077543bb570f9000b7ffdfd1b527ae3b
"User2 Xxx",user2@xtk.ovh,045c883138b1d2f2985b97596f92dc06940b74c8
"User3 Xxx",user3@xtk.ovh,9c0876dfbc1601907301525d1a283d0cc891a0d6
"User4 Xxx",user4@xtk.ovh,5b895ed444f8b76d45467487f8adb868e2211b67
"User5 Xxx",user5@xtk.ovh,746461929b12517e3e990ab2fd55d2399af56f78
"User6 Xxx",user6@xtk.ovh,ca27ecd2c41028436be14814fb0761b8afe1b5ad
"User7 Xxx",user7@xtk.ovh,86e024f19c04f4a5d8312fa57dffe942c8b8759a
"User8 Xxx",user8@xtk.ovh,146aeb92e66c4d8a7c54bf7773939f2d6e262792
"User9 Xxx",user9@xtk.ovh,5d9513871103d28468e7e470d70678e6da5be960
"User10 Xxx",user10@xtk.ovh,a3a388f21efef284bf1adf2c870d19a85752ffc2
"User11 Xxx",user11@xtk.ovh,6af70a30728cbfedb1cad0996560a864b9170930
"User12 Xxx",user12@xtk.ovh,ccaa36c193f4a64433d022406c936539567c2138
"User13 Xxx",user13@xtk.ovh,0d5c642ede8785717af2bfccac9c730462428bde
"User14 Xxx",user14@xtk.ovh,6d89a66faaab514b56646097248526ae489029dc
"User15 Xxx",user15@xtk.ovh,fab4a64cbcd5bd968e5c59b2d5dd6e95628fb4f6
"User16 Xxx",user16@xtk.ovh,2ae5d857d642f11008e7fad3205aa797788b8af5
"User17 Xxx",user17@xtk.ovh,390c544f3044b5dd74390aaa028fcc6db7850296
"User18 Xxx",user18@xtk.ovh,3674f8a630852075c69867a6e5c2e0f6008f59c0
"User19 Xxx",user19@xtk.ovh,2f3c8f39c85b2c657126e0836632f3e6e1b9d726
"User20 Xxx",user20@xtk.ovh,2a1662d6b09385a33ec22f1544bdd0c5555ae8ac
"User21 Xxx",user21@xtk.ovh,ef4dca7424108d0cf8c241ebfc0ccb4224f84006
"User22 Xxx",user22@xtk.ovh,3eeaab2b7b203a604ad04872559c3ac3770e3677
"User23 Xxx",user23@xtk.ovh,513aacfe6518031a2fc8214c683612a5104b5f23
"User24 Xxx",user24@xtk.ovh,1bf669f997216b11b5024491fdc1a9fa8c033df7
"User25 Xxx",user25@xtk.ovh,0f78572954b6d2be83c31da09bd83e289ee4248c
"User26 Xxx",user26@xtk.ovh,e0526b0035920f7671cc42fb9113953234cc6ce7
"User27 Xxx",user27@xtk.ovh,406d61affbe2456cc23ae2b809b86d7aecfedcec
"User28 Xxx",user28@xtk.ovh,50546b94519b3aa90e72db65498ba6fbfc26dc01
"User29 Xxx",user29@xtk.ovh,4f92a005a10d4579d887252badbf9a1896fa8895
"User30 Xxx",user30@xtk.ovh,cd279e74bd5daff6576ef37ebf30ed2451909c73
"User31 Xxx",user31@xtk.ovh,7c37eede46373f73c3978022324be17790cdb683
"User32 Xxx",user32@xtk.ovh,ecc3c43908985053987ef7cfe7d0a84a6898175c
"User33 Xxx",user33@xtk.ovh,d4d0819105a4f287bd6b2f269a41b40672095e04
"User34 Xxx",user34@xtk.ovh,72dc8a3a0b8150f3a229add9ab4b9d52d96dc2be
"User35 Xxx",user35@xtk.ovh,ed9966a7d12345ae31c4b36bf5552c3257509f54
"User36 Xxx",user36@xtk.ovh,38cd51d3240b7b3ec3482f1d988426a472e10b2c
"User37 Xxx",user37@xtk.ovh,c7b26ad418b0d50059d68bef9d92a5c0925fe7e1
"User38 Xxx",user38@xtk.ovh,95b3ba432c05a0c030bc2542726919a249d1f270
"User39 Xxx",user39@xtk.ovh,d24c692ec98af3de1b523c63e5532df1bcd847cc
"User40 Xxx",user40@xtk.ovh,5b73440c9dee33409e87b4a3b8288b8251078dab
"User41 Xxx",user41@xtk.ovh,1cac7add5cbc4385b004cd5d591f233797308031
"User42 Xxx",user42@xtk.ovh,0295d31b662bd5c8fca9ce45e33d8281b1869706
"User43 Xxx",user43@xtk.ovh,1fea28dc75b9bcd5c55bcc23181188c92686d826
"User44 Xxx",user44@xtk.ovh,154fd54fbd20462f1dd7bcf3e5080c41e9e39884
"User45 Xxx",user45@xtk.ovh,228346953440a72e6c140c89b34fe025004bc7dd
"User46 Xxx",user46@xtk.ovh,19bf0a9e5b883e23d0e5c798468eda2fb915fb65
"User47 Xxx",user47@xtk.ovh,e8a349d33eef4cb41ceade6371804df24372ce6e
"User48 Xxx",user48@xtk.ovh,86b5eb3544d3d3928f8c435bcb36b1dabb832518
"User49 Xxx",user49@xtk.ovh,c5a783ba3e415c899a07a4462ad3908812164166
"User50 Xxx",user50@xtk.ovh,ebf2445a963fabc5ef4229938eeb4700c2ca3342
"User51 Xxx",user51@xtk.ovh,4ebd60c8b87072b679fa405d6cab4e96fbec15a0
"User52 Xxx",user52@xtk.ovh,a6794a44fe7b667bf0ec06be181cb5ab2c232695
"User53 Xxx",user53@xtk.ovh,ade7fa3b8b9f247f16643b8b85a06f7051679caf
"User54 Xxx",user54@xtk.ovh,c931fa8e66f5a39118e4fceb63f626c7d28261dc
"User55 Xxx",user55@xtk.ovh,554691230b0888ed71696361492cfed21806a728
"User56 Xxx",user56@xtk.ovh,2761b350ac5d0b07a56decc96c6f7375f0805498
"User57 Xxx",user57@xtk.ovh,8c21f5aefbd32e5937535403fd88ea2b9b78a07b
"User58 Xxx",user58@xtk.ovh,46a61b53702282d4af75f8ac854d29cae48eb91a
"User59 Xxx",user59@xtk.ovh,2dab4e26a7142645d9bb78600508a5ad61793ab9
"User60 Xxx",user60@xtk.ovh,0298fcbc1e30a38a8a1ed3d54a9778924e6a223d
"User61 Xxx",user61@xtk.ovh,51cd0e9a66bd653733b1a6e68dd319cf5fd66fba
"User62 Xxx",user62@xtk.ovh,f876afde9d06e6808a247285eb6097f5c46cbd22
"User63 Xxx",user63@xtk.ovh,4b39b880f12242d0907d56a127c84fb792aa9d85
"User64 Xxx",user64@xtk.ovh,6c14be6b42fb251a0c9c1c61af636bbfe15fe616
"User65 Xxx",user65@xtk.ovh,dca119cfc4ac261163cf2b611d5210b443732a80
"User66 Xxx",user66@xtk.ovh,84c00e8f01e21547b984e743c667895ba4823cf0
"User67 Xxx",user67@xtk.ovh,577d8f690f47a928368dd812f159425d2228136c
"User68 Xxx",user68@xtk.ovh,cb4498fc67397599b63222e7bc178a252b8eef6e
"User69 Xxx",user69@xtk.ovh,e94493305e3cedad42cf560c5470ea9d8ef9af3b
"User70 Xxx",user70@xtk.ovh,517a95c1da594ef677dd23ae4caf2401a77c95f3
"User71 Xxx",user71@xtk.ovh,b3e54d57bb4c7577338bbcfc5dc746360127d7da
"User72 Xxx",user72@xtk.ovh,90906e0098f56dcdabfc1459e227d66c4c2c28c2
"User73 Xxx",user73@xtk.ovh,e336f0cff7f826bed8f4238bb2c762420718111b
"User74 Xxx",user74@xtk.ovh,b368e536dd87952d31e9dcf11c9c0e7c8b6f906a
"User75 Xxx",user75@xtk.ovh,1d309cbdbf74abb49d1e7f029e5f9ca1b07c9261
"User76 Xxx",user76@xtk.ovh,64fcd801be793fb7a55999ea8928878ca4c5e250
"User77 Xxx",user77@xtk.ovh,49eff7e177c3f7864158305cfd46851522c7ed25
"User78 Xxx",user78@xtk.ovh,994492322d1b12efbe951de1103a8d9b75838c08
"User79 Xxx",user79@xtk.ovh,558f14453fd5bdc2a8dbaf47cc2e37dcd63df329
"User80 Xxx",user80@xtk.ovh,428ece19f0931d4e40477d84943d87ab96fefa61
"User81 Xxx",user81@xtk.ovh,2978364ec1cc6a17efe947718dab2187b6479b54
"User82 Xxx",user82@xtk.ovh,5a6b274d7a0a66783cf0292a88131bf108c2f8a0
"User83 Xxx",user83@xtk.ovh,c429909d64c13bc1b864afe3f8b9861a94d7366b
"User84 Xxx",user84@xtk.ovh,768768ceb0d105d11003cd01b457e0358e572d04
"User85 Xxx",user85@xtk.ovh,ea51f346b74961eb54ab40de8533e778162c0e62
"User86 Xxx",user86@xtk.ovh,78950ae0f35d07bc144dfee576c0851086739bd7
"User87 Xxx",user87@xtk.ovh,92f7ddc1cb62fd0f89bd6632def63bceebaf7266
"User88 Xxx",user88@xtk.ovh,8d4c1605e6fc73de2b7d531ac3da7eafe2b6809d
"User89 Xxx",user89@xtk.ovh,bdb3ec01d6f1ef4670171a8d84c4c7538bc6a50f
"User90 Xxx",user90@xtk.ovh,3480ae8e756c2b3f8e410cf7259149e48c1b5798
"User91 Xxx",user91@xtk.ovh,138d8c5656cf7685da9cc3ca509e4fb739c4da73
"User92 Xxx",user92@xtk.ovh,d6b141cf8403e5686336bfc0a4996071139bfb18
"User93 Xxx",user93@xtk.ovh,39642b3e16343c0b59f463b86642c28310964aae
"User94 Xxx",user94@xtk.ovh,47ad00dc83556224e7f9585cc6f76282609122e1
"User95 Xxx",user95@xtk.ovh,4893f48ee3b7a9f8ceec04cdf99c78e3020efc00
"User96 Xxx",user96@xtk.ovh,c64fa4f6f3f4cc3b690b13f136630bb6a9454322
"User97 Xxx",user97@xtk.ovh,8c8d52ef6e19224e57af5b5a1bfcd765ac77fe2a
"User98 Xxx",user98@xtk.ovh,2fc20bf73c03252318c8bfda0db4e5ff7cc66ba1
"User99 Xxx",user99@xtk.ovh,e3d2e869d21658cfcfa92f19f476778c1a8aed84
"User100 Xxx",user100@xtk.ovh,0b240c4744b1b11ddeacc7e38851b68444f08acc
"User101 Xxx",user101@xtk.ovh,56465a2bef3332f2645fe270d39d2d0b58e5463b
"User102 Xxx",user102@xtk.ovh,ce2c20a7f2eeba4aeedc3c73dbd796c238ed758d
"User103 Xxx",user103@xtk.ovh,0d4059f7bee5de1071ba65211407fbd72be618a5
"User104 Xxx",user104@xtk.ovh,a5a159698e1d80a3542ad4238670da3a4b6c2f7a
"User105 Xxx",user105@xtk.ovh,15fd188c30b71fcc6ad98f1a43d3fcf75b04e4ee
"User106 Xxx",user106@xtk.ovh,e9ca04a949fcd3435512468ce8f8f42b86d34c7e
"User107 Xxx",user107@xtk.ovh,901c068ef08e0ea89f4e00585ee3f89b70cd1223
"User108 Xxx",user108@xtk.ovh,4e8316cbc426c055bcd7f892e83712807078c172
"User109 Xxx",user109@xtk.ovh,c82826c7ffd134ad2c10f599680e18b381c24b62
"User110 Xxx",user110@xtk.ovh,447f7d57269a109287ca16ef563c8b95ed365d2d
"User111 Xxx",user111@xtk.ovh,85d1852bd879d66b0f6ea3a8b104d375a55008cc
"User112 Xxx",user112@xtk.ovh,3e167b0b8295567786581b6bee3a5dc9d9217220
"User113 Xxx",user113@xtk.ovh,1b9d2862304173b9d946f79bc10e81fffaa945ff
"User114 Xxx",user114@xtk.ovh,7761c0ca835786724ce1f7e6b872a284a197ec49
"User115 Xxx",user115@xtk.ovh,482dbcd6dca222565bbf5973866c20f214b00949
"User116 Xxx",user116@xtk.ovh,4500faa136138de359ced807f01b977ebb724dab
"User117 Xxx",user117@xtk.ovh,b27752a68891a1d9e1db84a9c88473ef2561ac56
"User118 Xxx",user118@xtk.ovh,b3051525c266579652b51e34407f05417bb27629
"User119 Xxx",user119@xtk.ovh,f91260f415a3e10ca1660d764004c0c9657ab906
"User120 Xxx",user120@xtk.ovh,c45cc92ff56435469e37f0fab18786db7aea95d8
"User121 Xxx",user121@xtk.ovh,ccc84253c9b3668e043ec38204ab909e776041b4
"User122 Xxx",user122@xtk.ovh,129d99723797cf3fa9541ab180db7f7120489683
"User123 Xxx",user123@xtk.ovh,d4fd7d2de2a531fc457748eb9e745357d033fd5b
"User124 Xxx",user124@xtk.ovh,1fae90f367473caa54a35fafc3243ab22671a43b
"User125 Xxx",user125@xtk.ovh,2339f4315a3bb284db9a0fda390075aad856dfb9
"User126 Xxx",user126@xtk.ovh,28adb5f8f202605a2ac5db386f61bc67c32c0e1c
"User127 Xxx",user127@xtk.ovh,d215b199c9958b3c1fb78651a5b2b4d7d60094aa
"User128 Xxx",user128@xtk.ovh,b3ddda38e8468b3ca56f73951d715d11fffe2476
"User129 Xxx",user129@xtk.ovh,9650c3a97d9fcaa724b8153a6735739ecd04f43e
"User130 Xxx",user130@xtk.ovh,032aac472cf3c42a1e95987b10183d425e44534c
"User131 Xxx",user131@xtk.ovh,656629179b703ddb32030ae90f23803b8f71491a
"User132 Xxx",user132@xtk.ovh,c5c8393a321b5a07200ac9f4a2a35902b9d45873
"User133 Xxx",user133@xtk.ovh,79bc3908cf988db76747d133ad14830319c0aa55
"User134 Xxx",user134@xtk.ovh,c911d8147bb52c12c5a43ac199f26b1cdaf6e63f
"User135 Xxx",user135@xtk.ovh,d40d60e65578d9d61df811497ef59472da5292b7
"User136 Xxx",user136@xtk.ovh,62e50c7e71236c1efadfb14331979bd6bcb686f8
"User137 Xxx",user137@xtk.ovh,1dda238255d7ee0e0197cf85d5ef9c6ebfae407f
"User138 Xxx",user138@xtk.ovh,ff6c3f940c1bfd0b9ee604e37df0ce8052acecb8
"User139 Xxx",user139@xtk.ovh,d8d5fa8288a20f45ee63118d35b5f324292b4b83
"User140 Xxx",user140@xtk.ovh,fc53ebd60c0f192dbb209002582e3509eed38f19
"User141 Xxx",user141@xtk.ovh,4330eb539a4568adce16469701457b4dba8aff88
"User142 Xxx",user142@xtk.ovh,9dd02b15c296b68d6e1777e0122ebcdfc4a69cf0
"User143 Xxx",user143@xtk.ovh,71d742100956e71d8c3c123cb985b5e4d6d48b58
"User144 Xxx",user144@xtk.ovh,d4810049bce5df9afddb5d389bc91e77d66aa290
"User145 Xxx",user145@xtk.ovh,67d105b07792ba65dc864ac9a02096ee0bf8de9b
"User146 Xxx",user146@xtk.ovh,b8309a23c01c08ccb732122745052c1dc16621b1
"User147 Xxx",user147@xtk.ovh,6064890d8c0456657de9a8eb59201fd7f4b0f39f
"User148 Xxx",user148@xtk.ovh,82e942cbed0ab51323f6d3084c19bd47b7a24c36
"User149 Xxx",user149@xtk.ovh,9680e58586280a0db3cfa5177ef5a334b3c25fc6
"User150 Xxx",user150@xtk.ovh,96f4ea9f361385fb45d0f120660f4440feaaef3c
"User151 Xxx",user151@xtk.ovh,76b35b321fa84e0f39685baa40203f4bb48f2afa
"User152 Xxx",user152@xtk.ovh,26fcb005d5444d529dfe3671b1ccbb19a46fa5a4
"User153 Xxx",user153@xtk.ovh,5e4ff2d5c056ef60f60099cbcd46a195c15ef601
"User154 Xxx",user154@xtk.ovh,aab72247ae4b03c21eae00aad44c663267142f3c
"User155 Xxx",user155@xtk.ovh,949b39e0596d66d9258705a38487c901b00b1250
"User156 Xxx",user156@xtk.ovh,d9a6346b8d15d7b8d229dc3f7ecfd4b88e1720f8
"User157 Xxx",user157@xtk.ovh,07223bd23ebe0b22116b2179b341eb5d1c1733cc
"User158 Xxx",user158@xtk.ovh,b4602b913abdfbf848deb29c139fb4739a8c9efd
"User159 Xxx",user159@xtk.ovh,4aad3be1baa5b294bfbe150877ee1422bad474ed
"User160 Xxx",user160@xtk.ovh,75c7252d938959f27b3168587e4ddbbda5d3474c
"User161 Xxx",user161@xtk.ovh,03a33251670cde24a6562a38a0b9c8b7600f7f4a
"User162 Xxx",user162@xtk.ovh,da4a24a823ed2d2b1178343f9602f1bdfa3cbd8d
"User163 Xxx",user163@xtk.ovh,680528549e2dbb6930cddbac505b2aaada8cb250
"User164 Xxx",user164@xtk.ovh,8f8d746fb5befccaea51086f04f4ec3dd1498254
"User165 Xxx",user165@xtk.ovh,cdfcf82c41f524c8bfa5ce490a40219af09fe3ed
"User166 Xxx",user166@xtk.ovh,c67461ddf6f2f98154b8548351f20184ef15d794
"User167 Xxx",user167@xtk.ovh,333ef940472934323a6de78725e41b781a3a2c87
"User168 Xxx",user168@xtk.ovh,238ad587ddf2037e931a7f3a81330e40af2426a2
"User169 Xxx",user169@xtk.ovh,2aacd53d573082668e6f4dcf8190d66063a1cf85
"User170 Xxx",user170@xtk.ovh,80e1f501b4d93890ff05dc584bdefa354c1e3b41
"User171 Xxx",user171@xtk.ovh,696125ced482e7ee23c22c3359e8c0add9e2bb89
"User172 Xxx",user172@xtk.ovh,ff138a3d32c481d2b901b08d70894c6fe279bbb3
"User173 Xxx",user173@xtk.ovh,1606987cc38ce8aec970278048abcd49c1f05cac
"User174 Xxx",user174@xtk.ovh,8301603ebd77740cb1a3936588a2f871f5392cfb
"User175 Xxx",user175@xtk.ovh,0880c7672df423ff472f9839a264dc6d6013e982
"User176 Xxx",user176@xtk.ovh,1314959fabf8a032edbecaf58d41e3a7fce820b0
"User177 Xxx",user177@xtk.ovh,c2ccb1d292d118d1bba86d12c2de1f68584fab33
"User178 Xxx",user178@xtk.ovh,77375495afd0accfb0e7bc42f0719d672baf21cb
"User179 Xxx",user179@xtk.ovh,20ce0b639f1ed83709da1cb7aefd3a2a737aee85
"User180 Xxx",user180@xtk.ovh,790ab40fd6cc882c88e96042fd26bdd200f4baaa
"User181 Xxx",user181@xtk.ovh,1ae9bcf5c02cf5ffd5004e818fa68a9e2b9881da
"User182 Xxx",user182@xtk.ovh,8bcb820915f02c6241d08ce5534dcac86b1894ad
"User183 Xxx",user183@xtk.ovh,22e5a01efb6329ced21f953797e1c8d199b46548
"User184 Xxx",user184@xtk.ovh,efdc6cf30029c3c61a738d371577f296e887e40a
"User185 Xxx",user185@xtk.ovh,fa89789159ab73b9ca9a3622f31cb8651c9294a4
"User186 Xxx",user186@xtk.ovh,7cb9c4f1b08641b9ddaf1e60cd8d1ea76a05e1da
"User187 Xxx",user187@xtk.ovh,2e6ed0310fada4deba5eba008bd32802bdb48b95
"User188 Xxx",user188@xtk.ovh,b66057aa125fe74528302dace2aeab5ab0fbe903
"User189 Xxx",user189@xtk.ovh,0254906533f771648c90ecf206d17760e9a214ee
"User190 Xxx",user190@xtk.ovh,ea5dd28e12074e42cf91d04cbe8901416e17c1a6
"User191 Xxx",user191@xtk.ovh,a66c67a5f634d2945b122580f17eb3bba2a3a722
"User192 Xxx",user192@xtk.ovh,4e07b0b9860594def21035b349654537c8129f6d
"User193 Xxx",user193@xtk.ovh,5bddaf64075e1526d3c6224fcf7e163c221368ed
"User194 Xxx",user194@xtk.ovh,c66537d2537a5dc4ff49108cc88fa8527ed712f3
"User195 Xxx",user195@xtk.ovh,508a28b86a3549b1d1e1092c980dac1bdd28e8e4
"User196 Xxx",user196@xtk.ovh,e99fc370e54799acd62d4556564b86abd9174882
"User197 Xxx",user197@xtk.ovh,e0f814d34a15ac251ccad6b6ce0638885704ed90
"User198 Xxx",user198@xtk.ovh,ba6800f5e357a3b38645c63a8709eb04d026f111
"User199 Xxx",user199@xtk.ovh,77428a6510b9315438442f3282b9f7a542252ca7
"User200 Xxx",user200@xtk.ovh,cb2b5edd91f416193df2dac3e24bf118abb0a2df
"User201 Xxx",user201@xtk.ovh,ba42f0072c5bb73416b3744994118d38d0c5e9f1
"User202 Xxx",user202@xtk.ovh,bed90d0e9b11df183908d7ed85fda447aa52da92
"User203 Xxx",user203@xtk.ovh,e2114199ad6e3587814649e0e3623a1aeac5935c
"User204 Xxx",user204@xtk.ovh,5e6ef255e37f0b5e7242874cbaafde3c411a0954
"User205 Xxx",user205@xtk.ovh,a11d6922185064aa74c44cec3ad76cfde0cbdf0a
"User206 Xxx",user206@xtk.ovh,b2b8246d7db9c9d48893d313facd6df2b1885337
"User207 Xxx",user207@xtk.ovh,3134ee8ad02007ba864e496f47df39fb5a3a19ae
"User208 Xxx",user208@xtk.ovh,282261b3bd412c65a1da4a81b9b930c3ef9d11df
"User209 Xxx",user209@xtk.ovh,b70e4111dff5603c1fa86129ef255ea6a8653066
"User210 Xxx",user210@xtk.ovh,b7cc52e12c0df535b0a31f6a253aee4a28e821c7
"User211 Xxx",user211@xtk.ovh,dc1ccd05ed3f6a8a57e7eaba011279c236fe80b5
"User212 Xxx",user212@xtk.ovh,125ad2db7a133090a064fc775922d9e1ce82ecfe
"User213 Xxx",user213@xtk.ovh,7a85868947df373f540febb187a14c644a692e2a
"User214 Xxx",user214@xtk.ovh,ae2535b608fa807f5b2a1b584d808c4a84460039
"User215 Xxx",user215@xtk.ovh,80011a393ec2ae9277b0723ae8d950d866e162fa
"User216 Xxx",user216@xtk.ovh,02ae70674045883ff0a7d09acc453dff0940cbe2
"User217 Xxx",user217@xtk.ovh,a1d60e6d80d631feab4fb84ab4684faed7c9f527
"User218 Xxx",user218@xtk.ovh,15781f574272947a602466b2a7896c0e4efdf7e8
"User219 Xxx",user219@xtk.ovh,5dfc714ebcdf35506b338a14113dcdf47b19814e
"User220 Xxx",user220@xtk.ovh,3a252847e65aa8fccd9f52fc4620010c4fb86f23
"User221 Xxx",user221@xtk.ovh,20a812ca9a577ee9c0e6b7b1aec8f3cc1fa61626
"User222 Xxx",user222@xtk.ovh,cb9cfb4953159969171fb077310695158f168245
"User223 Xxx",user223@xtk.ovh,5a2c3d8eb20a6d70b3de94884f292bcd86aaf10e
"User224 Xxx",user224@xtk.ovh,17f2df9f7e710e66573dd6aac0a49f0d96f58e21
"User225 Xxx",user225@xtk.ovh,18eabe616e49041c3e95aa97ca5aa7feaed20b30
"User226 Xxx",user226@xtk.ovh,81ee639fb1a8c7db0fc3cd55b32a197b2581f37d
"User227 Xxx",user227@xtk.ovh,ac0e66ab6a643a6e3d5e3bf3141f2b907dcc6650
"User228 Xxx",user228@xtk.ovh,ed8e6deb04a65a14ed165307883941b54a82df6f
"User229 Xxx",user229@xtk.ovh,74ae0f80dc1038452d3a654836b64e1b01241ddb
"User230 Xxx",user230@xtk.ovh,c5711c093ac491fde688590f7d9ded70e85e77a2
"User231 Xxx",user231@xtk.ovh,a9a0e9a665d71f0285fdff1823888de291de45d1
"User232 Xxx",user232@xtk.ovh,7897479a71c43746c2e35fcde99aafd165e1c789
"User233 Xxx",user233@xtk.ovh,7b27bb9fe51dcbcd63c9768f9f223644c6658608
"User234 Xxx",user234@xtk.ovh,d49d469762eb25029080389162cc457f2d06e6ae
"User235 Xxx",user235@xtk.ovh,2b72965248a470323eab7515348eba6028ecdd86
"User236 Xxx",user236@xtk.ovh,f04adc5ff297fb27036464f8639409ba4554a529
"User237 Xxx",user237@xtk.ovh,9829cb2ef2a8de110df6dd1c477d60f38a7d8afa
"User238 Xxx",user238@xtk.ovh,228f7b6936eaf5123f37c31a76e1a8f6b7b06e21
"User239 Xxx",user239@xtk.ovh,e953ac9f5b1fc012f3df8f83671683dbe66cbcbf
"User240 Xxx",user240@xtk.ovh,9327ce16cd2579b107093df6378b17cb1dd7afed
"User241 Xxx",user241@xtk.ovh,87775da9a75ca85b6aa8e13c499ae81e0c8d85f3
"User242 Xxx",user242@xtk.ovh,1dcfc27795a822e1d41fe88f0f56307887630649
"User243 Xxx",user243@xtk.ovh,9f670f76d5c7b65cf565b41830a62562f632d1a1
"User244 Xxx",user244@xtk.ovh,7e4a64b1b437e3d829553d28ace9ae20b7d0483c
"User245 Xxx",user245@xtk.ovh,5463b36c6a18dc52630b6317c49220d76afad4cc
"User246 Xxx",user246@xtk.ovh,262b61b9046e9cc7fa874654c67044ed2a98c2f8
"User247 Xxx",user247@xtk.ovh,e5ee18173167544c34168a3704d0e94e37ed57ae
"User248 Xxx",user248@xtk.ovh,4e7ca9f806d5ee1f36cb61c8824cb272521bb5fa
"User249 Xxx",user249@xtk.ovh,b328ffef530d009863ad33fecf608908ac8f5cfa
"User250 Xxx",user250@xtk.ovh,d89bf964ba25a34a91af8db366781e57e4605175
"User251 Xxx",user251@xtk.ovh,2efd815c2a7d3e89bce47e0f0f66667aeeb5955e
"User252 Xxx",user252@xtk.ovh,db3d841a5b724f7d164cfef5cfd8c3b98bacdcf8
"User253 Xxx",user253@xtk.ovh,084b941e841661e0eefc5bdf83ed337a838eaba8
"User254 Xxx",user254@xtk.ovh,9d828997c04a2bd4a715cfeb4de272f8e60f0767
"User255 Xxx",user255@xtk.ovh,a95b18283d732c818ec631a9a9e435b333d42c8f
"User256 Xxx",user256@xtk.ovh,132a10810488a7d6f189d27aab7efe73d23bdb89
"User257 Xxx",user257@xtk.ovh,b4a15711fe9093454786d8ceb1a39d69dda69082
"User258 Xxx",user258@xtk.ovh,65f6eee711d7859cfca970282e5386bf85ef6a9c
"User259 Xxx",user259@xtk.ovh,3b1c8b40f17d1bcd6c12e39b04cafefcfce8d3fa
"User260 Xxx",user260@xtk.ovh,3b6deedca1d9a234c86455d651424306beba6cc7
"User261 Xxx",user261@xtk.ovh,1ca119b08be70a86769fe5475403d773ae9c80c4
"User262 Xxx",user262@xtk.ovh,2dcc16935bc42839f776d7f3430f41a099615d6a
"User263 Xxx",user263@xtk.ovh,8576f106c7f9bb1df4aeeefec29b2f214d6029d9
"User264 Xxx",user264@xtk.ovh,9ca5538dce001c342f17c733a9122278ec806a57
"User265 Xxx",user265@xtk.ovh,34b3a8db1f575bd0dc25324868873a66dddb76b3
"User266 Xxx",user266@xtk.ovh,fad532935144914dd2df63a98af368df61607a76
"User267 Xxx",user267@xtk.ovh,6abf1638d6bf16ad59326efd762b7f61478730e0
"User268 Xxx",user268@xtk.ovh,2a6d3f4b647420bbad6c495f677264d9eafaeff7
"User269 Xxx",user269@xtk.ovh,d38e99d74936042d4d6cb6164932973d4c1ea311
"User270 Xxx",user270@xtk.ovh,9b75c6d378f668295b42812d3d3fea8d6a787801
"User271 Xxx",user271@xtk.ovh,93a072e7312666ad235b5e89dfc88fadda1f5c89
"User272 Xxx",user272@xtk.ovh,720ce7590ffa1c5b8f2dbd2a09d183d2ab4e1e75
"User273 Xxx",user273@xtk.ovh,6a996a012a617b5dd6c1b6191414ffa18595d520
"User274 Xxx",user274@xtk.ovh,552a6a00454e712eca54b464b54f66aef0635369
"User275 Xxx",user275@xtk.ovh,c2eaf9743e745ead5bc4093ee2a36b9c8204be1e
"User276 Xxx",user276@xtk.ovh,0f892350ca8078116c3bd1006fa473651b04eaad
"User277 Xxx",user277@xtk.ovh,de59b89e3b5b0d7b4786b821d100984972d2afc3
"User278 Xxx",user278@xtk.ovh,d056fa4e0a0fdebe2c866e1c817611e14dbb8ec8
"User279 Xxx",user279@xtk.ovh,35562ca17568bf61eda59c04c8eb7ff091576b62
"User280 Xxx",user280@xtk.ovh,0f2c57cb9504c0029c4a4465e15d93b07d13ec0a
"User281 Xxx",user281@xtk.ovh,7cd70c48baa63bed982199d48e84ea5a2c677cef
"User282 Xxx",user282@xtk.ovh,ffc71b9caeb3414c8eb64e15cd4cc829f633ea52
"User283 Xxx",user283@xtk.ovh,369d8c179233d288d9c01becb5d88247309df530
"User284 Xxx",user284@xtk.ovh,a1451025875c947e218501dd79fb1f435de1c529
"User285 Xxx",user285@xtk.ovh,9956fa42ded70cca94cf01f1261a440f01691dfc
"User286 Xxx",user286@xtk.ovh,01c22da1612363e2c161d78d1302ea894f49af4c
"User287 Xxx",user287@xtk.ovh,b97f25f324375f06f43113828244027c85211621
"User288 Xxx",user288@xtk.ovh,eb9868c3e4e4f6754574fde598866c0c85987a94
"User289 Xxx",user289@xtk.ovh,ce497e97801f79f5a6045456bfc92234356627f8
"User290 Xxx",user290@xtk.ovh,dd4768edce9c3e535b399fce1655365d8d612d5c
"User291 Xxx",user291@xtk.ovh,abfb831fba010eb5ded982f4b8e047f5ce9e1bea
"User292 Xxx",user292@xtk.ovh,1f177293f1f3fcf256ab1cbcd604568ac549c7d6
"User293 Xxx",user293@xtk.ovh,c3de19b1198c56ff75ea3c1cbd1a5c419088c00f
"User294 Xxx",user294@xtk.ovh,44a39912555d3a9e3a08b7dd34bf90ac4e9d4d77
"User295 Xxx",user295@xtk.ovh,e83b5fc4e3fa18ba1cd1447446e8d12a938a60e7
"User296 Xxx",user296@xtk.ovh,6c6676166c3c269b8ed4b49d7cd548187783c176
"User297 Xxx",user297@xtk.ovh,b6ee68641d21127e59d41a1d1e52f46ad11e53c8
"User298 Xxx",user298@xtk.ovh,a1479ac39f07b76251750fb22573458cc2403139
"User299 Xxx",user299@xtk.ovh,9601f5cc4ff6f2108eb58991f4a4396464f8db71
"User300 Xxx",user300@xtk.ovh,56b6088b5c04c949f4f0c2ab18408ec7f516e784
